{"fileType":"apogee app js workspace","version":"0.50","references":{"viewState":{"treeState":-1,"lists":{"es module":{"treeState":0},"js link":{"treeState":0},"css link":{"treeState":0}}}},"code":{"model":{"fileType":"apogee model","version":0.2,"name":"SimpleClientWorkspace","children":{"Main":{"name":"Main","type":"apogee.Folder","children":{"requestBody":{"name":"requestBody","type":"apogee.JsonTable","updateData":{"data":{"value":37}}},"url":{"name":"url","type":"apogee.JsonTable","updateData":{"data":"http://localhost:3456/simple/processNumber?key=pig"}},"request":{"name":"request","type":"apogee.JsonTable","updateData":{"argList":[],"functionBody":"let options = {\n    \"body\": JSON.stringify(requestBody),\n    \"method\": \"POST\",\n    \"header\":{\"Content-Type\":\"application/json\"} \n} \n \nreturn apogeeutil.jsonRequest(url,options);  ","supplementalCode":""}}}}}},"components":{"Main":{"type":"apogeeapp.app.FolderComponent","data":{"doc":{"type":"doc","content":[{"type":"heading1","content":[{"type":"text","text":"Simple Client Test Workspace for Apogee Server"}]},{"type":"paragraph","content":[{"type":"text","text":"This is the request body"}]},{"type":"apogeeComponent","attrs":{"name":"requestBody","id":0,"state":""}},{"type":"paragraph","content":[{"type":"text","text":"This is the url:"}]},{"type":"apogeeComponent","attrs":{"name":"url","id":0,"state":""}},{"type":"paragraph","content":[{"type":"text","text":"Here is the request:"}]},{"type":"apogeeComponent","attrs":{"name":"request","id":0,"state":""}},{"type":"paragraph"}]}},"children":{"requestBody":{"type":"apogeeapp.app.JsonTableComponent","dataView":"Colorized","viewState":{"childDisplayState":{"views":{"Data":{"isViewActive":true,"height":280},"Formula":{"isViewActive":false},"Private":{"isViewActive":false}}}}},"url":{"type":"apogeeapp.app.JsonTableComponent","dataView":"Colorized","viewState":{"childDisplayState":{"views":{"Data":{"isViewActive":true,"height":280},"Formula":{"isViewActive":false},"Private":{"isViewActive":false}}}}},"request":{"type":"apogeeapp.app.JsonTableComponent","dataView":"Colorized","viewState":{"childDisplayState":{"views":{"Data":{"isViewActive":true,"height":280},"Formula":{"isViewActive":true,"height":7000},"Private":{"isViewActive":false}}}}}},"viewState":{"childDisplayState":null,"treeState":-1,"tabOpened":true,"tabShowing":true}},"viewState":{"treeState":1}}},"viewState":{"treeState":1}}